taker_id,name,email,phone,age,gender
1,김지아,gyeongsugheo@example.net,061-074-8404,27,여성
2,박재현,bagdohyeon@example.net,016-131-9931,39,남성
3,이은정,iyeeun@example.org,033-673-3203,55,여성
4,우아름,wbae@example.org,061-164-7091,18,남성
5,박은정,siu45@example.com,02-6112-9974,28,남성
6,박준서,ehan@example.org,044-069-3491,58,남성
7,고미경,gimgeonu@example.net,051-579-5868,43,남성
8,이순옥,hgim@example.net,062-519-9942,64,여성
9,손춘자,googsun@example.net,044-717-5141,50,남성
10,김현정,yeongsuggim@example.org,019-927-6010,62,남성
11,황승현,qan@example.org,032-002-6291,58,여성
12,최지현,seoyuni@example.org,033-866-7975,53,여성
13,이예지,wi@example.org,017-668-4641,61,여성
14,김준서,jaehyeoncoe@example.com,070-4060-7219,53,남성
15,이예은,jieuni@example.org,051-931-5588,62,여성
16,김민석,seongsu15@example.org,054-551-1594,50,여성
17,윤수빈,ibag@example.net,053-685-8298,30,여성
18,김도윤,ebag@example.com,010-4180-1215,38,여성
19,홍지훈,jeongsig27@example.com,053-704-6855,40,여성
20,강서영,lno@example.net,02-7633-2369,61,남성
21,이서준,jungsu76@example.org,044-707-7073,49,남성
22,김명자,seonghyeonbag@example.org,042-480-8253,64,여성
23,박상현,pyun@example.net,010-7201-4794,36,여성
24,주준서,jimingim@example.net,053-734-9047,33,남성
25,김상훈,junho09@example.com,017-000-5657,25,여성
26,유은영,bgim@example.com,011-172-0171,38,여성
27,장준호,jaeho73@example.net,031-311-5127,25,여성
28,최민석,uyun@example.com,063-029-2552,45,여성
29,김하은,yujinheo@example.com,041-726-4011,42,남성
30,김은지,sangceoli@example.com,031-421-9324,25,여성
31,구영일,seoyeong15@example.com,055-422-5170,58,여성
32,김수빈,xson@example.net,041-461-6002,43,여성
33,손성민,migyeongbag@example.org,032-626-0803,55,여성
34,이민서,gimhyeonjun@example.com,054-457-4444,28,남성
35,이춘자,sanghun94@example.net,033-756-9244,43,남성
36,한현준,jeongnam46@example.org,070-3816-6865,28,여성
37,김도윤,coeyunseo@example.org,02-3768-9081,39,남성
38,이병철,sunogi@example.net,051-247-2152,25,여성
39,이미정,ei@example.com,031-414-7155,19,여성
40,이서현,sunogi@example.com,042-137-0709,49,남성
41,황경수,munyeongja@example.net,019-627-2562,31,남성
42,오미숙,gwagbyeongceol@example.net,041-418-0587,55,여성
43,고광수,sunogmun@example.org,016-670-9207,35,여성
44,한병철,yi@example.org,016-896-2750,24,여성
45,김성호,yunseogim@example.org,061-767-4490,61,남성
46,성선영,miyeonggim@example.com,042-636-9588,52,남성
47,윤서준,jinhoi@example.net,051-347-3048,24,남성
48,이진우,fmun@example.net,042-941-6877,27,여성
49,박지아,rcoe@example.net,019-220-0245,64,여성
50,이윤서,gangmisug@example.org,043-269-6527,54,여성
51,진명숙,junhyeogi@example.org,064-732-6271,58,여성
52,강성훈,junhyeog64@example.org,044-848-3910,48,여성
53,나미숙,gimyeongja@example.org,063-726-6799,43,남성
54,김미정,jangjunho@example.org,061-339-7720,53,남성
55,이하윤,junhyeog82@example.net,018-218-0955,56,남성
56,이민수,xji@example.com,044-991-7746,48,여성
57,우성호,gimdonghyeon@example.com,053-832-2907,33,남성
58,김예원,seongjinha@example.net,018-795-0419,41,남성
59,김영진,bgim@example.com,053-921-7884,31,여성
60,나미정,baeseoyeong@example.net,053-663-4790,56,남성
61,강영순,fhong@example.net,055-889-9594,31,남성
62,안정수,vgim@example.net,051-710-3024,63,남성
63,김하윤,gimhyeonsug@example.com,041-642-2903,28,남성
64,김재호,gimseojun@example.org,018-189-4917,34,여성
65,이영호,areum86@example.net,052-308-3215,29,남성
66,성지현,tcoe@example.net,019-345-6227,58,여성
67,박영길,ghwang@example.net,062-290-3390,55,여성
68,박정남,jiweon42@example.net,064-722-3712,58,여성
69,김현우,jinhojang@example.net,018-364-5665,21,여성
70,권지민,ugweon@example.com,018-343-1869,27,남성
71,손현주,wbag@example.com,018-734-5608,21,남성
72,박은영,jbag@example.org,017-652-1589,21,남성
73,류지혜,eungyeong18@example.com,064-743-7523,57,남성
74,박정훈,sbag@example.net,051-139-4049,59,여성
75,강성진,yeongsigheo@example.net,032-277-0933,34,남성
76,엄서연,minsuno@example.net,064-712-7317,40,여성
77,김민수,sunog65@example.org,02-5398-6518,57,여성
78,김성수,ji@example.com,054-622-2275,30,남성
79,서명자,xbag@example.org,054-714-4116,52,여성
80,박상훈,minji31@example.com,053-211-9154,54,여성
81,김은영,seongsu20@example.net,019-110-2522,59,남성
82,양서영,eunseoi@example.net,054-655-8702,58,여성
83,김서연,sanghun53@example.com,062-378-7366,45,여성
84,김수진,gimcunja@example.org,054-802-7699,18,남성
85,강현정,siu15@example.org,062-895-3183,31,남성
86,신건우,hanyeonghyi@example.org,043-802-6969,18,남성
87,김현정,cahyeonjun@example.com,044-270-7201,56,여성
88,오영숙,eunyeong71@example.org,041-759-2539,25,남성
89,나영희,coehyeonu@example.com,043-646-8748,30,여성
90,한은영,gangcaeweon@example.net,070-0039-5489,34,남성
91,배지민,gangjihye@example.com,054-508-4239,32,여성
92,김우진,bagyeonggil@example.com,055-253-5242,43,여성
93,이지혜,bagjaeho@example.org,053-924-9881,21,남성
94,박순옥,junhyeogi@example.com,02-4963-9852,38,여성
95,김서영,bagareum@example.net,017-628-2490,42,남성
96,김승현,hayunseo@example.com,052-459-5208,22,남성
97,류은정,ijeongsig@example.com,041-457-7426,21,남성
98,오순자,gimjeongnam@example.com,061-152-8681,34,여성
99,이경수,ijeongnam@example.com,063-360-4736,19,여성
100,박준서,iseongho@example.com,011-015-1799,36,남성
101,김경수,bagyunseo@example.com,053-781-8662,22,남성
102,김경희,gmun@example.org,010-8468-3096,59,여성
103,박진우,iseojun@example.org,051-356-8111,45,남성
104,강미정,seonghyeon12@example.net,031-534-0200,54,여성
105,권정웅,jgim@example.net,062-843-0322,20,여성
106,김영식,gimjeongung@example.org,016-733-4961,37,여성
107,장영희,jeongsugi@example.net,043-316-2750,53,남성
108,김선영,geonu22@example.net,044-224-1215,64,남성
109,이현준,jgim@example.com,062-051-6273,48,여성
110,이숙자,seojun76@example.com,051-788-4411,50,여성
111,김준혁,jeonghyi46@example.com,054-729-7970,18,남성
112,김서윤,sanghungang@example.net,02-6199-7133,51,여성
113,김영호,psong@example.com,054-963-2617,55,여성
114,안영길,ygim@example.com,064-776-0220,53,여성
115,박지훈,gimjeongung@example.net,061-848-4884,63,여성
116,이정자,hanjeongsig@example.net,044-909-2741,19,남성
117,한현지,bcoe@example.com,061-241-0739,18,남성
118,박은서,minseoggang@example.net,063-870-8824,51,남성
119,곽성민,oeunju@example.net,064-777-7252,49,남성
120,황중수,gweonyeongceol@example.net,010-9037-2679,21,남성
121,김진우,noseunghyeon@example.net,052-441-5363,58,여성
122,민영길,wryu@example.com,032-729-6863,24,남성
123,손준혁,jeongnambag@example.org,010-9611-8129,23,여성
124,안하은,eseo@example.com,032-081-2569,25,남성
125,이정남,hyeonu28@example.com,052-323-3874,25,남성
126,김미정,rcoe@example.org,061-741-3610,37,남성
127,김정식,jihu31@example.net,019-694-6840,19,여성
128,이춘자,subin60@example.net,042-152-4267,65,여성
129,이서준,yunminji@example.com,016-220-0471,61,남성
130,박진호,gangjiyeon@example.org,032-879-9511,54,남성
131,진주원,juweon60@example.com,016-350-2489,61,남성
132,김미영,ki@example.org,017-830-2316,27,남성
133,권예진,eunjeong58@example.net,011-810-6877,50,여성
134,이상훈,ogsunhwang@example.net,017-764-5147,18,여성
135,허우진,sanghogim@example.org,051-308-4573,55,여성
136,박정식,jeongja15@example.net,043-430-6137,57,남성
137,김영환,qgim@example.org,061-904-3643,63,남성
138,박미경,gimminseog@example.com,041-942-1188,44,남성
139,김준영,iyun@example.com,044-759-8662,41,여성
140,박은영,dbag@example.org,054-110-3127,33,남성
141,박종수,bi@example.com,010-3551-3731,49,남성
142,심영진,co@example.net,031-702-3290,41,여성
143,성광수,theo@example.org,017-359-0260,47,남성
144,박숙자,bagjihun@example.net,017-887-9627,41,남성
145,장정자,hyeonju83@example.net,064-709-4145,59,여성
146,박서현,namjunyeong@example.org,019-059-5009,38,남성
147,이현우,ci@example.com,033-447-5054,30,여성
148,김지후,coejinu@example.net,032-975-4339,45,여성
149,김성수,iminjun@example.com,019-276-8913,38,남성
150,김진호,jinu91@example.com,019-625-5825,27,남성
151,송영일,sangceol74@example.com,019-628-7434,24,여성
152,박하은,gangjeongho@example.org,052-874-5339,32,여성
153,박서윤,tgim@example.com,053-640-6937,23,남성
154,이채원,bagjaehyeon@example.com,018-245-8833,48,여성
155,남서준,seongsu51@example.org,061-729-6898,48,여성
156,강경수,eunseo46@example.com,053-620-4035,22,여성
157,남진우,fgim@example.org,032-542-5245,54,남성
158,김영길,jeongnamryu@example.com,044-855-2514,60,여성
159,우준영,hyeonjugim@example.org,044-162-3841,38,여성
160,박정식,sgo@example.org,02-2031-1707,45,여성
161,류준서,vyun@example.com,064-709-0508,23,남성
162,김준혁,sgim@example.org,052-100-8626,31,여성
163,민지원,gimjaehyeon@example.net,011-541-8078,50,남성
164,조우진,wgim@example.org,063-239-8087,31,여성
165,장윤서,hyeonsuggim@example.com,011-419-7308,52,남성
166,김준서,yeongjin53@example.com,02-2836-3035,19,남성
167,배준영,miyeong46@example.com,017-765-0840,29,남성
168,백성수,gimyeongsu@example.net,063-286-0220,53,여성
169,정준영,baggwangsu@example.com,02-2087-2341,39,여성
170,김영환,minjun42@example.com,016-184-2470,33,남성
171,박서준,ijunhyeog@example.org,019-149-4810,51,여성
172,홍수빈,ryubyeongceol@example.net,043-752-0844,50,남성
173,이지현,kbae@example.org,031-833-3640,30,여성
174,이정희,ijeongung@example.org,017-787-2889,24,여성
175,이정남,eca@example.net,010-2201-0007,28,남성
176,강지민,gimjungsu@example.org,055-279-5175,50,남성
177,김승민,bagjieun@example.com,010-6972-6800,32,남성
178,박수진,sangceolgim@example.com,052-777-3107,20,남성
179,황은영,myeongsuggim@example.com,018-299-4900,48,남성
180,김민수,ijiyeong@example.com,053-864-8979,63,남성
181,곽은서,sugjamun@example.com,02-5109-6215,34,남성
182,엄영일,yejingim@example.net,031-716-5810,40,남성
183,홍성수,myeongjabag@example.org,011-279-0978,54,남성
184,박지민,jihyeoni@example.net,017-443-2102,45,여성
185,백상철,mbag@example.net,032-488-3680,25,여성
186,박은서,coejaehyeon@example.net,044-380-0266,33,남성
187,차지혜,gyeongsu52@example.org,053-719-4586,35,여성
188,류현주,ijunyeong@example.com,019-698-0978,35,남성
189,심정순,dgim@example.com,033-859-2596,44,여성
190,김예은,songjeongung@example.com,070-2970-5283,53,남성
191,배정식,ui@example.net,044-608-2561,33,여성
192,김옥순,jeongsu88@example.net,017-443-6251,48,여성
193,김상철,ihyejin@example.org,032-153-9756,53,여성
194,송명자,gimsunja@example.org,010-6832-8542,43,여성
195,오중수,junhono@example.net,02-5844-4921,53,여성
196,홍중수,junho72@example.net,070-0455-6993,35,여성
197,김춘자,coedonghyeon@example.net,062-514-5185,54,남성
198,이명숙,gimseoyun@example.net,011-526-8207,59,여성
199,김현정,gimhyeonju@example.com,041-367-7609,58,여성
200,김성호,sanghyeon46@example.net,052-646-0917,65,남성
